title,description,tags
دعای روز بیست‌وچهارم ماه مبارک رمضان/ آنچه روزی را زیاد می‌کند,دعای بیست‌وچهارمین روز از ماه مبارک رمضان را به‌‌همراه توضیح آن بخوانیم.,فرهنگی
یک قاضی آمریکایی فرمان حذف پیام‌رسان چینی «وی چت» را متوقف کرد,در حالی‌که قرار بود مسدود کردن به روز رسانی و یا دانلود نسخه جدید پیام‌رسان «وی چت» از شامگاه یک‌شنبه در آمریکا اجرایی شود، یک قاضی ایالت کالیفرنیا رای به توقف این فرمان داد.,جهان
خودکفایی در کشاورزی با اصلاح ساختار بودجه/ ایران توان تولید غذای 500 میلیون نفر را دارد,مجلس آینده می تواند با اصلاح ساختار بودجه در بخش های مرتبط با محصولات کشاورزی، ایران را که توان تامین غذای 500 میلیون نفر را دارد از واردکننده مواد غذایی به صادرکننده جهانی تبدیل کند.,اقتصادی
تصویب کلیات طرح مقابله با اقدامات خصمانه رژیم صهیونیستی در مجلس,نمایندگان مجلس شورای اسلامی کلیات طرح مقابله با اقدامات خصمانه رژیم صهیونیستی را تصویب کردند.,سیاسی
اختصاصی تسنیم|عرضه سنگین 120 میلیون دلاری در بازار ارز/ قیمت‌ها کاهشی شد,سیرنزولی قیمت‌ها در بازار ارز درحالی امروز پرشتاب‌تر از دیروز طی شد و احتمالاً در روزهای اتی هم ادامه خواهد داشت که کسب اطلاع خبرنگار تسنیم بیانگر عرضه 120 میلیون دلاری بازار ساز طی روز جاری است.,اقتصادی
مروری بر سبک زندگی امام هادی (ع)/ شکرگزاری فتح بابی برای افزایش روزی است,تشیع از زمان امام هادی علیه‌السلام رونق بیشتری پیدا کرد و زیارت جامعه کبیره و زیارت غدیریه تأییدی بر این نکته است که آن حضرت با وجود آزارهای دستگاه حکومت آن زمان و خفقان ناشی از محاصره و تهدید، مفاهیم شیعی را به‌خوبی به مردم تاریخ منتقل فرمودند.,فرهنگی
کتاب‌های تالیفی طرفداران دمکراسی از کتابخانه‌های هنگ‌کنگ جمع شد,یک مقام هنگ‌کنگ از جمع‌آوری کتاب‌های تألیفی توسط چهره‌های برجسته طرفدار دمکراسی از کتابخانه‌های عمومی این منطقه خبر داد.,جهان
نیوزیلند می‌گوید کرونا در این کشور ریشه‌کن شده است,وزارت بهداشت نیوزیلند اعلام کرد که آخرین فرد شناسایی‌شده مبتلا به کرونا نیز در این کشور بهبود یافته و مورد دیگری از کرونا در این کشور مشاهده نمی‌شوند.,اجتماعی
"شش کشته در حملات اسرائيل به ""مواضع جهاد اسلامی"" در سوریه","در حملات هوایی اسرائيل به سوریه حداقل شش نفر جان خود را از دست داده‌اند. سازمان دیده‌بان حقوق بشر سوریه اعلام کرد، دو نفر از اعضای سازمان جهاد اسلامی و چهار شبه‌نظامی تحت حمایت ایران در این حملات کشته شده‌اند.فعالان سوری مخالف بشار اسد، رئیس&zwnj;جمهور سوریه، از کشته شدن دست کم شش نفر در حملات هوایی جنگنده&zwnj;های اسرائيلی به سوریه خبر داده&zwnj;اند.

به گزارش خبرگزاری آلمان، سازمان دیده&zwnj;بان حقوق بشر سوریه که در لندن مستقر است دوشنبه پنجم اسفند (۲۴ فوریه) اعلام کرد، دو تن از قربانیان، فلسطینی و عضو سازمان جهاد اسلامی&zwnj;اند و چهار نفر دیگر از شبه&zwnj;نظامیان تحت حمایت ایران&zwnj;اند.

دیده&zwnj;بان حقوق بشر سوریه در عین حال گزارش داده، مناطقی در حومه دمشق که هدف جنگنده&zwnj;های اسرائيلی قرار گرفته &quot;انبار تسلیحات سپاه پاسداران جمهوری اسلامی و گروه&zwnj;&zwnj;های مورد حمایت&zwnj; آن، از جمله حزب&zwnj;الله لبنان و اسلام&zwnj;گرایان افراطی فلسطینی&quot; بوده است.

مرکز اطلاع&zwnj;رسانی فلسطینیان به نقل از سازمان جهاد اسلامی کشته شدن دو تن از اعضای گروهان&zwnj;های قدس شاخه نظامی این سازمان در بمباران&zwnj;های حومه دمشق را تایید کرده است.

به کانال دویچه وله فارسی در تلگرام بپیوندید

اسرائيل از حمله به مراکزی در جنوب دمشق، پایتخت سوریه، خبر داده و می&zwnj;گوید، مواضع سازمان جهاد اسلامی را هدف قرار داده است.

اسرائيل این حملات را تلافی&zwnj;جویانه نامیده و گفته است، این بمباران&zwnj;ها پاسخ به شلیک&zwnj;های موشکی سازمان جهاد اسلامی از نوار غزه بوده است. به گفته اسرائيل، آن&zwnj;ها همچنین در صدد بوده&zwnj;اند از حصار مرزی غزه دست به حمله تروریستی بزنند.

ارتش اسرائیل اعلام کرده است، روز دوشنبه نیز از نوار غزه شش فروند موشک به خاک اسرائيل شلیک شد که پنج فروند آن توسط پدافند موشکی گنبد آهنین این کشور رهگیری شد.

نیروی هوایی اسرائيل تصریح کرده که مرکز تسلیحاتی سازمان جهاد اسلامی که در خدمت تولید سلاح در نوار غزه و سوریه بود را بمباران کرده است. به علاوه، از این مرکز برای &quot;تولید سوخت موشکی و آموزش تروریست&zwnj;ها، از جمله تروریست&zwnj;های نوار غزه&quot; استفاده می&zwnj;شد.

دویچه وله فارسی را در اینستاگرام دنبال کنید

حمله اسرائيل به نوار غزه

ارتش اسرائيل ده&zwnj;ها هدف متعلق به سازمان جهاد اسلامی در نوار غزه که تحت کنترل سازمان فلسطینی حماس است را نیز بمباران کرده است. یکی از این اهداف تأسیسات زیرزمینی این سازمان بوده که در آن مواد خام برای تولید موشک انبار می&zwnj;شود.

روز یکشنبه اسرائيل و نیروهای فلسطینی با یکدیگر درگیر شدند. در این درگیری یکی از مهاجمان فلسطینی توسط سربازان اسرائيلی کشته شد که حملات موشکی جهاد اسلامی به خاک اسرائيل را در پی داشت.

مرکز اطلاع&zwnj;رسانی فلسطینیان این حملات موشکی را تأیید کرد و گفت، این اقدام در پاسخ به کشته شدن یک جوان فلسطینی در خان یونس انجام شد.

ارتش اسرائيل بارها اهدافی در سوریه را بمباران کرده و می&zwnj;گوید هدف حملاتش جلوگیری از گسترش نفوذ نظامی ایران در کشور جنگ&zwnj;زده سوریه است.
<img width=""1"" height=""1"" alt="""" src=""http://logc279.xiti.com/hit.xiti?s=531599&s2=22&p=per-rss-per-all_volltext-5613-xml-mrss::%D8%AF%D9%88%DB%8C%DA%86%D9%87%20%D9%88%D9%84%D9%87%20%D9%81%D8%A7%D8%B1%D8%B3%DB%8C%3A%3A%D8%AC%D9%87%D8%A7%D9%86::%D8%B4%D8%B4%20%DA%A9%D8%B4%D8%AA%D9%87%20%D8%AF%D8%B1%20%D8%AD%D9%85%D9%84%D8%A7%D8%AA%20%D8%A7%D8%B3%D8%B1%D8%A7%D8%A6%D9%8A%D9%84%20%D8%A8%D9%87%20%22%D9%85%D9%88%D8%A7%D8%B6%D8%B9%20%D8%AC%D9%87%D8%A7%D8%AF%20%D8%A7%D8%B3%D9%84%D8%A7%D9%85%DB%8C%22%20%D8%AF%D8%B1%20%D8%B3%D9%88%D8%B1%DB%8C%D9%87&di=&an=&ac=&x1=1&x2=22&x3=52507850&x4=9998&x5=%D8%B4%D8%B4%20%DA%A9%D8%B4%D8%AA%D9%87%20%D8%AF%D8%B1%20%D8%AD%D9%85%D9%84%D8%A7%D8%AA%20%D8%A7%D8%B3%D8%B1%D8%A7%D8%A6%D9%8A%D9%84%20%D8%A8%D9%87%20%22%D9%85%D9%88%D8%A7%D8%B6%D8%B9%20%D8%AC%D9%87%D8%A7%D8%AF%20%D8%A7%D8%B3%D9%84%D8%A7%D9%85%DB%8C%22%20%D8%AF%D8%B1%20%D8%B3%D9%88%D8%B1%DB%8C%D9%87&x6=1&x7=%2Ffa-ir%2F%D8%B4%D8%B4-%DA%A9%D8%B4%D8%AA%D9%87-%D8%AF%D8%B1-%D8%AD%D9%85%D9%84%D8%A7%D8%AA-%D8%A7%D8%B3%D8%B1%D8%A7%D8%A6%D9%8A%D9%84-%D8%A8%D9%87-%D9%85%D9%88%D8%A7%D8%B6%D8%B9-%D8%AC%D9%87%D8%A7%D8%AF-%D8%A7%D8%B3%D9%84%D8%A7%D9%85%DB%8C-%D8%AF%D8%B1-%D8%B3%D9%88%D8%B1%DB%8C%D9%87%2Fa-52507850&x8=per-rss-per-all_volltext-5613-xml-mrss&x9=20200224&x10=per-rss-per-all_volltext-5613-xml-mrss::%D8%AF%D9%88%DB%8C%DA%86%D9%87%20%D9%88%D9%84%D9%87%20%D9%81%D8%A7%D8%B1%D8%B3%DB%8C%3A%3A%D8%AC%D9%87%D8%A7%D9%86"" />",جهان
&quot;اهدای خون&quot; در روزهای کرونایی هیچ منع و محدودیتی ندارد,فرآورده‌‌های خونی نیاز حیاتی بسیاری از بیماران است اما به دنبال شیوع کرونا و کاهش مراجعات جهت اهدای خون، ممکن است بانک خون کشور با کاهش ذخایر مواجه ‌‌شود؛ با توجه به رعایت سختگیرانه اصول بهداشتی در مراکز انتقال خون، مردم نباید نگران اهدای خون باشند.,اجتماعی
گزارش وزیر راه به رئیس‌جمهور؛ کاهش 25درصدی تردد در جاده‌های کشور,وزیر راه و شهرسازی در گزارشی به رئیس‌جمهوری از کاهش 25درصدی تردد در جاده‌های کشور خبر داد.,اقتصادی
سخنگوی قوه قضائیه در واکنش به هشتگ «اعدام نکنید»: ضدانقلاب، امپراتوری رسانه‌ای و ربات بودند,سخنگوی قوه قضائیه جمهوری اسلامی درباره توئیت درباره سه تن از معترضان آبان‌ماه که به اعدام محکوم شده‌اند& گفت: آنها «ربات» بودند.,سیاسی
چین: کنسولگری آمریکا در چنگدو تعطیل شود,"به تلافی بسته شدن کنسولگری چین در هوستون، جمهوری خلق از آمریکا خواست که کنسولگری خود در چنگدو را تعطیل کند. دو قدرت بزرگ یکدیگر را به مداخله در امور داخلی متهم می‌کنند.چین بی&zwnj;درنگ در برابر بسته شدن کنسولگری این کشور در هوستون (ایالت تگزاس) واکنش نشان داد و از ایالات متحده خواست که کنسولگری خود در چنگدو را برچیند.

وزارت خارجه چین درباره این تصمیم در بیانیه&zwnj;ای گفت: &laquo;این اقدامی مشروع و ضروری در واکنش به اقدام&zwnj;های بی&zwnj;شرمانه ایالات متحده است&raquo;.

در بیانیه همچنین آمده است: &laquo;وضعیت کنونی در مناسبات چین و آمریکا مورد پسند چین نیست و آمریکا مسئول آن است&raquo;.

به کانال دویچه وله فارسی در تلگرام بپیوندید

&quot;مرکز جاسوسی&quot;

ایالات متحده از چین خواسته بود که کنسولگری خود در هوستون را ظرف ۷۲ ساعت تعطیل کند. یک سخنگوی وزارت خارجه چین روز چهارشنبه (۲۲ ژوئیه) این اقدام را &quot;تحریک سیاسی&quot; دانست و تهدید به تلافی کرد.

مایک پومپئو، وزیر خارجه ایالات متحده، روز پنجشنبه کنسولگری چین در هوستون را مرکز عملیات جاسوسی دانست. پومپئو که در کتابخانه ریچارد نیکسون در کالیفرنیا سخن می&zwnj;گفت، اظهار داشت که کنسولگری یادشده &quot;مرکز جاسوسی و سرقت اموال معنوی&quot; بوده است.

او افزود که نمایندگان دولت چین در امور داخلی آمریکا مداخله می&zwnj;کنند، مدیران آمریکایی را زیر فشار قرار می&zwnj;دهند و خانواده&zwnj;های آمریکایی دارای تبار چینی را آزار می&zwnj;دهند.

اولین نمایندگی در خاک آمریکا

کنسولگری چین در هوستون اولین دفتر نمایندگی بود که به دنبال برقراری روابط دیپلماتیک میان چین و آمریکا در ۱۹۷۹ شروع به کار کرد.

کنسولگری ایالات متحده در چنگدو در سال ۱۹۸۵ افتتاح شد. گفته می&zwnj;شود که در این کنسولگری حدود ۲۰۰ کارمند کار می&zwnj;کنند که ۱۵۰ نفر از آنها اهالی بومی هستند.

دویچه وله فارسی را در اینستاگرام دنبال کنید

روابط دیپلماتیک میان چین و آمریکا که از چندی پیش سرد بود، اکنون به خاطر تصویب قانون امنیت هنگ&zwnj;کنگ سردتر شده است.

دلیل دیگر سردی مناسبات میان دو قدرت بزرگ آن است که چندی پیش ایالات متحده به خاطر رفتار ناشایست پکن با مردم مسلمان اویغوری، علیه برخی از مقام&zwnj;های بلندپایه چین اقدام&zwnj;های تحریمی اعلام کرد.
<img width=""1"" height=""1"" alt="""" src=""http://logc279.xiti.com/hit.xiti?s=531599&s2=22&p=per-rss-per-all_volltext-5613-xml-mrss::%D8%AF%D9%88%DB%8C%DA%86%D9%87%20%D9%88%D9%84%D9%87%20%D9%81%D8%A7%D8%B1%D8%B3%DB%8C%3A%3A%D8%AC%D9%87%D8%A7%D9%86::%DA%86%DB%8C%D9%86%3A%20%DA%A9%D9%86%D8%B3%D9%88%D9%84%DA%AF%D8%B1%DB%8C%20%D8%A2%D9%85%D8%B1%DB%8C%DA%A9%D8%A7%20%D8%AF%D8%B1%20%DA%86%D9%86%DA%AF%D8%AF%D9%88%20%D8%AA%D8%B9%D8%B7%DB%8C%D9%84%20%D8%B4%D9%88%D8%AF&di=&an=&ac=&x1=1&x2=22&x3=54302743&x4=9998&x5=%DA%86%DB%8C%D9%86%3A%20%DA%A9%D9%86%D8%B3%D9%88%D9%84%DA%AF%D8%B1%DB%8C%20%D8%A2%D9%85%D8%B1%DB%8C%DA%A9%D8%A7%20%D8%AF%D8%B1%20%DA%86%D9%86%DA%AF%D8%AF%D9%88%20%D8%AA%D8%B9%D8%B7%DB%8C%D9%84%20%D8%B4%D9%88%D8%AF&x6=1&x7=%2Ffa-ir%2F%DA%86%DB%8C%D9%86-%DA%A9%D9%86%D8%B3%D9%88%D9%84%DA%AF%D8%B1%DB%8C-%D8%A2%D9%85%D8%B1%DB%8C%DA%A9%D8%A7-%D8%AF%D8%B1-%DA%86%D9%86%DA%AF%D8%AF%D9%88-%D8%AA%D8%B9%D8%B7%DB%8C%D9%84-%D8%B4%D9%88%D8%AF%2Fa-54302743&x8=per-rss-per-all_volltext-5613-xml-mrss&x9=20200724&x10=per-rss-per-all_volltext-5613-xml-mrss::%D8%AF%D9%88%DB%8C%DA%86%D9%87%20%D9%88%D9%84%D9%87%20%D9%81%D8%A7%D8%B1%D8%B3%DB%8C%3A%3A%D8%AC%D9%87%D8%A7%D9%86"" />",جهان
ستاد انتخابات کشور: دور دوم انتخابات مجلس جمعه هفته جاری برگزار خواهد شد,دبیر ستاد انتخابات کشور درباره چگونگی و تمهیدات برگزاری انتخابات دور دوم مجلس شورای اسلامی توضیحاتی ارائه کرد.,سیاسی
استفاده تبلیغاتی طالبان از شیوع  کرونا در افغانستان,"نیمی از خاک افغانستان در کنترل طالبان است. آن‌ها می‌کوشند با امدادرسانی به مردم بر محبوبیت خود بیافزایند. این در حالی است که به موازات کمک به مردم، حملات شبه‌نظامیان طالبان به نیروهای دولتی افغانستان همچنان ادامه دارد.کشور افغانستان نیز از گزند بیماری کرونا در امان نمانده است. آشوب و رویارویی بین نیروهای اسلامگرای طالبان و دولت مرکزی این کشور به&zwnj;رغم شیوع بیماری کرونا همچنان ادامه دارد.

روزنامه سوئیسی &quot;نویه زوریشر تسایتونگ&quot; با انتشار گزارشی به استفاده تبلیغاتی طالبان از بیماری کرونا در افغانستان پرداخته است.

گزارشگر این روزنامه نوشته است که جنگجویان طالبان در حال حاضر با دشمن دیگری نیز پیکار می&zwnj;کنند و آن بیماری کووید-۱۹ است.

تلاش طالبان برای مهار این بیماری تنها با هدف حفظ نیروهای وابسته به خود صورت نمی&zwnj;گیرد، بلکه آن&zwnj;ها تلاش دارند تا با یاری رساندن به ساکنان مناطق تحت کنترل خود، نفوذ خود را  نیز افزایش دهند.

حدود نیمی از خاک افغانستان در کنترل نیروهای اسلامگرای طالبان است. از این رو، آن&zwnj;ها نیز در دفاع از جان ساکنان این مناطق مسئول هستند.

گفته می&zwnj;شود که نیروهای طالبان در خیابان&zwnj;ها و جاده&zwnj;های منتهی به شهرهای تحت کنترل خود، اقدام به پخش اعلامیه درباره مقابله با بیماری کووید ۱۹ کرده&zwnj;اند.

افزون بر آن، نیروهای وابسته به طالبان در انتقال بیماران کرونایی به بیمارستان&zwnj;ها نیز فعالیت می&zwnj;کنند.

تبلیغات گسترده

طالبان در افغانستان ویدیوهایی برای مقابله با بیماری کرونا تهیه و توزیع کرده&zwnj;اند. جالب اینجاست که این ویدیوها به زبان انگلیسی توزیع شده&zwnj;اند. گرچه گفته می&zwnj;شود که این ویدیوها برای راهنمایی مردم کشورهای همسایه تهیه شده است، اما این احتمال نیز وجود دارد که طالبان از این ویدیوها برای تبلیغات گسترده به سود خود نیز بهره می&zwnj;گیرند.

تلاش طالبان برای کمک به مردم در افغانستان در امر مقابله با شیوع بیماری کرونا در شرایطی صورت می&zwnj;گیرد، که این نیروی اسلام&zwnj;گرا به حملات خود به نیروهای دولتی افغانستان ادامه می&zwnj;دهد.



در پی کسب توافق بین طالبان و آمریکا در دوحه، این احتمال می&zwnj;رفت که راه برای استقرار آتش&zwnj;بس و صلح در افغانستان تا حدودی هموار شود.

برخلاف تصور اولیه، حملات طالبان به ارتش افغانستان همچنان ادامه دارد. افزون بر آن، نیروهای طالبان برخلاف توافق خود با آمریکا از گفت&zwnj;وگوی مستقیم با دولت مرکزی افغانستان سر باز زده&zwnj;اند.

شیوع بیماری کرونا در افغانستان رو به گسترش دارد. گفته می&zwnj;شود شهروندان افغان ساکن ایران که به علت بیکاری ناگزیر به ترک ایران شده&zwnj;اند، حامل این ویروس به افغانستان بوده&zwnj;اند.

در روز ۲۴ مارس، وزارت بهداشت افغانستان از خطر ابتلای نیمی از جمعیت افغانستان سخن گفته بود و احتمال داده بود که بیش از ۱۰۰ هزار نفر از مردم این کشور در اثر این بیماری جان خود را از دست بدهند.

این در حالی است که بر اساس آمار رسمی، تعداد مبتلایان به بیماری کرونا در افغانستان ۴۲۳ نفر اعلام شده است. همین آمار خبر از مرگ ۱۸ نفر در اثر ابتلا به این بیماری می&zwnj;دهد. در درستی این آمار با توجه به محدودیت&zwnj;های تست کرونا تردید وجود دارد.
<img width=""1"" height=""1"" alt="""" src=""http://logc279.xiti.com/hit.xiti?s=531599&s2=22&p=per-rss-per-all_volltext-5613-xml-mrss::%D8%AF%D9%88%DB%8C%DA%86%D9%87%20%D9%88%D9%84%D9%87%20%D9%81%D8%A7%D8%B1%D8%B3%DB%8C%3A%3A%D8%AC%D9%87%D8%A7%D9%86::%D8%A7%D8%B3%D8%AA%D9%81%D8%A7%D8%AF%D9%87%20%D8%AA%D8%A8%D9%84%DB%8C%D8%BA%D8%A7%D8%AA%DB%8C%20%D8%B7%D8%A7%D9%84%D8%A8%D8%A7%D9%86%20%D8%A7%D8%B2%20%D8%B4%DB%8C%D9%88%D8%B9%20%20%DA%A9%D8%B1%D9%88%D9%86%D8%A7%20%D8%AF%D8%B1%20%D8%A7%D9%81%D8%BA%D8%A7%D9%86%D8%B3%D8%AA%D8%A7%D9%86&di=&an=&ac=&x1=1&x2=22&x3=53048208&x4=9998&x5=%D8%A7%D8%B3%D8%AA%D9%81%D8%A7%D8%AF%D9%87%20%D8%AA%D8%A8%D9%84%DB%8C%D8%BA%D8%A7%D8%AA%DB%8C%20%D8%B7%D8%A7%D9%84%D8%A8%D8%A7%D9%86%20%D8%A7%D8%B2%20%D8%B4%DB%8C%D9%88%D8%B9%20%20%DA%A9%D8%B1%D9%88%D9%86%D8%A7%20%D8%AF%D8%B1%20%D8%A7%D9%81%D8%BA%D8%A7%D9%86%D8%B3%D8%AA%D8%A7%D9%86&x6=1&x7=%2Ffa-ir%2F%D8%A7%D8%B3%D8%AA%D9%81%D8%A7%D8%AF%D9%87-%D8%AA%D8%A8%D9%84%DB%8C%D8%BA%D8%A7%D8%AA%DB%8C-%D8%B7%D8%A7%D9%84%D8%A8%D8%A7%D9%86-%D8%A7%D8%B2-%D8%B4%DB%8C%D9%88%D8%B9-%DA%A9%D8%B1%D9%88%D9%86%D8%A7-%D8%AF%D8%B1-%D8%A7%D9%81%D8%BA%D8%A7%D9%86%D8%B3%D8%AA%D8%A7%D9%86%2Fa-53048208&x8=per-rss-per-all_volltext-5613-xml-mrss&x9=20200407&x10=per-rss-per-all_volltext-5613-xml-mrss::%D8%AF%D9%88%DB%8C%DA%86%D9%87%20%D9%88%D9%84%D9%87%20%D9%81%D8%A7%D8%B1%D8%B3%DB%8C%3A%3A%D8%AC%D9%87%D8%A7%D9%86"" />",جهان
چرخش هشت گونه کروناویروس در کره زمین,"تازه‌های پزشکی این هفته از جمله به این موضوعات اختصاص دارد: چرخش ۸ گونه کروناویروس در کره زمین؛ چطور در روزهای همه‌گیری مراقب سلامت ریه‌ها باشیم؟ و چطور دچار بی‌خوابی ناشی از استرس کرونا نشویم؟گونه&zwnj;های مختلف کرونا&zwnj;ویروس

در حال حاضر ۸ گونه کرونا&zwnj;ویروس&zwnj;در سراسر جهان در حال چرخش هستند و دنباله&zwnj;ای از مرگ و بیماری را ایجاد کرده&zwnj;اند.

به گزارش یو&zwnj;اس&zwnj;آ تودی جهش ژنتیکی یا موتاسیون برای یک ویروس طبیعی است و خوشبختانه جهش&zwnj;های ژنتیکی کرونا&zwnj;ویروس نه تنها خیلی سریع نیست، بلکه تا به حال باعث تقویت قابلیت کشندگی آن نیز نشده است. کندی سرعت جهش این ویروس ممکن است باعث شود بر خلاف آنفلوآنزای فصلی (که سالانه نیاز به واکسن جدید دارد) تنها به یک واکسن واحد نیاز باشد.

به گفته چارلز چیو، استاد بیماری&zwnj;های عفونی در دانشگاه کالیفرنیا ویروس آنقدر آهسته جهش می&zwnj;یابد که گونه&zwnj;های آن تفاوت&zwnj;های اندکی با هم دارند. این جهش ۸ تا ۱۰ برابر کندتر از ویروس آنفلوانزا و شبیه به ویروس&zwnj;هایی از قبیل سندرم شدید تنفسی حاد (SARS) و سندرم تنفسی خاورمیانه (MERS) است.

علاوه بر این در حالی که پرسش&zwnj;های زیادی در مورد شیوع بیماری کووید ۱۹ وجود دارد، یک واقعیت در جامعه علمی به طور گسترده پذیرفته شده است: ویروس در آزمایشگاه به وجود نیامده، بلکه جانواران به&zwnj;ویژه خفاش&zwnj;ها میزبان آن بوده&zwnj;اند. 



چطور در روزهای همه&zwnj;گیری، مراقب سلامت ریه&zwnj;ها باشیم؟

اگر شما یکی از میلیون&zwnj;ها نفری هستید که هوای آلوده تنفس می&zwnj;کند، ممکن است در معرض خطر ابتلا به ویروس کرونا قرار داشته باشید.

به گزارش نیویورک تایمز دکتر مریدیت مک کورماک؛ سخنگوی انجمن ریه آمریکا و استاد بیماری&zwnj;های ریوی در دانشگاه جان&zwnj;هاپکینز می&zwnj;گوید: آلودگی هوا می&zwnj;تواند باعث ایجاد یا تشدید بیماری&zwnj;های تنفسی مانند آسم یا بیماری انسدادی مزمن ریوی شود. این بیماری&zwnj;ها باعث افزایش حساسیت به عفونت شده و عوارض عفونت کووید ۱۹ را  وخیم&zwnj;تر می&zwnj;کند.

او تاکید می&zwnj;کند: اکنون که بسیاری از ما در خانه اوقاتمان را می&zwnj;گذرانیم، نباید فراموش کنیم که کیفیت هوای داخل خانه درست مانند هوای بیرون، اهمیت بسیار ویژه&zwnj;ای دارد:

دود دست دوم را دست کم نگیرید و اگر سیگار می&zwnj;کشید، آن را ترک کنید. اما اگر قادر به ترک آن نیستید، به&zwnj;هیچ&zwnj;وجه در داخل خانه سراغ سیگار نروید. چون  مواد شیمیایی ناشی دود سیگار روی تمام سطوح تا مدت&zwnj;ها باقی می&zwnj;ماند و یکی از عوامل اصلی ابتلا به سرطان است.



سرخ کردن مواد غذایی یا پخت&zwnj;و&zwnj;پز بدون تهویه مناسب نیز می&zwnj;تواند باعث افزایش آلودگی هوا در محیط داخل خانه شود. اکسید نیتروژن حاصل از اجاق گازها یک ماده تحریک&zwnj;کننده دستگاه تنفسی است. هنگام آشپزی و در صورت امکان باید هود تهویه را بالای اجاق گاز روشن و پنجره&zwnj;ها را باز کنید.

اگر در مجاورت منابع عمده آلودگی مانند خیابان&zwnj;های پر&zwnj;ترافیک زندگی می&zwnj;کنید، باز کردن پنجره&zwnj;های خانه توصیه نمی&zwnj;شود. با استفاده از دستگاه تصفیه هوا آلودگی&zwnj;های داخل خانه را کاهش دهید. فراموش نکنید که کودکان و سالمندان به دلیل سیستم ایمنی ضعیف&zwnj;تر، بیشتر در معرض ابتلا به آلرژی هستند. تصفیه&zwnj;کننده هوا سبب بهبود تنفس آنها می&zwnj;شود.

آلرژن&zwnj;ها را از خود دور کنید. برای از بین بردن حشرات به&zwnj;هیچ&zwnj;وجه سراغ آفت&zwnj;کش&zwnj;ها و سموم نروید. در صورت ابتلا به آسم مصرف مرتب داروهای استنشاقی را فراموش نکنید. مصرف اسپری&zwnj;های حاوی کورتیزون در مبتلایان به آسم، یکی از مهم&zwnj;ترین قدم&zwnj;ها برای محافظت از ریه&zwnj;ها در شرایط فعلی است.

چطور دچار بی&zwnj;خوابی ناشی از استرس کرونا نشویم؟

هرچقدر درباره ویروس کرونا، عوارض آن و میزان مرگ&zwnj;و&zwnj;میر ناشی از آن بیشتر بدانیم، به همان اندازه بیشتر شاهد استرس و تاثیرات آن بر روال عادی زندگی خواهیم بود.

به گزارش هلث لاین یکی از اثرات استرس طولانی&zwnj;مدت بی&zwnj;خوابی و کاهش کیفیت خواب است. این در حالی است که کمبود خواب می&zwnj;تواند سیستم ایمنی را ضعیف کند، باعث افزایش التهاب در بدن شود و شما را در مقابل بیماری آسیب&zwnj;پذیرتر کند.

پروفسور بریتانی لماندا، متخصص بیماری&zwnj;های اعصاب و روان در بیمارستان لنوکس هیل شهر نیویورک می&zwnj;گوید: کیفیت خواب شما نقش مستقیمی در توانایی بدن شما برای مصون ماندن از بیماری&zwnj;ها دارد. بنابراین علاوه بر تمام رفتارهای بهداشتی توصیه شده برای جلوگیری از ابتلا به کووید ۱۹ کیفیت خواب خود را نیز بهبود ببخشید.

به کانال دویچه وله فارسی در تلگرام بپیوندید



یک روال منظم برای خواب شبانه خود داشته باشید و بیش از حد چرت نزنید. در وضعیت قرنطینه، ممکن است کمی بیش از قبل میل به چرت زدن داشته باشید اما این را بدانید که چرت زدن بیش از حد مانع خواب کامل شبانه می&zwnj;شود. شما باید حداقل ۷ تا ۸ ساعت خواب شبانه داشته باشید.

از نوشیدن قهوه از ساعت ۴ بعدازظهر پرهیز کنید و دیر شام نخورید. قبل از خواب کمی ورزش کنید. ورزش باید هنوز هم بخشی از زندگی روزمره شما باشد. ورزش با آزادسازی مواد شیمیایی مانند اندروفین و سروتونین در بدن باعث افزایش کیفیت خواب شبانه می&zwnj;شود. قبل از خواب ورزش&zwnj;های سبک را انتخاب کنید. ورزش&zwnj;های سنگین در ساعات پایانی شب شما را بی&zwnj;خواب می&zwnj;کند.

فرار از اخبار و اطلاعات مرتبط با کووید ۱۹ تقریباً غیرممکن است. اما قرارگیری مداوم در معرض آنها باعث افزایش استرس شده و به کیفیت خواب صدمه می&zwnj;زند. برای مرور این اخبار زمان&zwnj;بندی داشته باشید و این کار را به ساعات قبل از خواب موکول نکنید. در عوض، فعالیت&zwnj;هایی مانند خواندن کتاب یا گوش دادن به موسیقی را به عنوان سرگرمی قبل از خواب انتخاب کنید.

فراموش نکنید که مصرف بیش از حد مشروبات الکلی درمانی برای بی&zwnj;خوابی و استرس نیست.

چرا کرونا ویروس با نام کووید ۱۹ شناخته می&zwnj;شود؟

&quot;کووید ۱۹&quot; عبارتی است که مردم جهان در طول شیوع جهانی کرونا&zwnj;ویروس از آن استفاده و به آن عادت کرده&zwnj;اند.

به گزارش نشریه بریتانیایی سان و به گفته کارشناسان سازمان جهانی بهداشت، دانستن این که اصطلاح کووید ۱۹ به چه معناست، می&zwnj;تواند باعث کاهش ترس غیر&zwnj;ضروری از آن شود، ضمن این که داشتن نام مشخص برای یک بیماری در جلوگیری از به&zwnj;کارگیری سایر نام&zwnj;های غلط یا مبهم اهمیت دارد.



به زبان ساده کووید ۱۹مخفف Corona (CO) Virus (VI) Disease (D) و ۱۹ (۲۰۱۹) سالی است که این ویروس برای اولین بار ظاهر شد.

به طور کلی کروناویروس&zwnj;ها یک خانواده بزرگ از ویروس&zwnj;ها هستند که می&zwnj;توانند از بیماری سرماخوردگی گرفته تا بیماری&zwnj;های شدیدتر مانند سندرم تنفسی خاورمیانه (MERS) و سندرم تنفسی حاد (SARS) را شامل شوند.

بیماری کووید ۱۹ توسط ویروس SARS-CoV-2 ایجاد می&zwnj;شود و علائم خفیف آن شامل تب، سرفه، مشکل در تنفس، درد عضلات و خستگی است. بیماران در حالت&zwnj;های وخیم&zwnj;تر دچار ذات&zwnj;الریه شدید، سندرم نارسایی حاد تنفسی، سپسیس و شوک سپتیک (شوک عفونی) می&zwnj;شوند.

نگرانی در مورد کووید ۱۹ این است که بر خلاف آنفلوآنزای فصلی هنوز هیچ واکسن و درمان خاصی برای آن وجود ندارد. همچنین سرعت انتقال آن بسیار بیشتر از آنفلوآنزای فصلی است. از آنجا که این ویروس جدید است، هیچ&zwnj;کس در برابر آن ایمنی قبلی ندارد، به این معنی که همه انسان&zwnj;ها به طور بالقوه مستعد ابتلا به عفونت کووید ۱۹ هستند.

دویچه وله فارسی را در اینستاگرام دنبال کنید



کرونا ویروس، هوای شهرهای اروپا را تمیز کرد

تصاویر جدید ماهواره&zwnj;ای در دوشنبه گذشته نشان داد که آلودگی هوا به دلیل محدودیت&zwnj;های ترافیکی، در شهرهای سراسر اروپا کاهش یافته است.

به گزارش نیویورک&zwnj;پست تصاویر ماهواره&zwnj;ای منتشر شده توسط آژانس فضایی اروپا (ESA) و اتحادیه بهداشت عمومی اروپا (EPHA) نشان می&zwnj;دهد، کلان&zwnj;شهرهایی چون بروکسل، پاریس، مادرید، میلان و فرانکفورت در مقایسه با سال گذشته شاهد کاهش میانگین دی&zwnj;اکسید نیتروژن بوده&zwnj;اند؛ آلاینده&zwnj;ای که باعث بروز مشکلات قلبی و تنفسی، سکته مغزی و سرطان ریه می&zwnj;شود.

به گفته کارشناسان اتحادیه بهداشت عمومی اروپا افرادی که در شهرهای آلوده زندگی می&zwnj;کنند بیشتر در معرض خطر کووید ۱۹ هستند، زیرا قرار گرفتن طولانی&zwnj;مدت در معرض هوای بد باعث تضعیف سیستم ایمنی بدن می&zwnj;شود و این امر مبارزه با عفونت را سخت&zwnj;تر می&zwnj;کند.

آلودگی هوا هر سال در اروپا منجر به حدود ۴۰۰ هزار مرگ زودرس می&zwnj;شود.
<img width=""1"" height=""1"" alt="""" src=""http://logc279.xiti.com/hit.xiti?s=531599&s2=22&p=per-rss-per-all_volltext-5613-xml-mrss::%D8%AF%D9%88%DB%8C%DA%86%D9%87%20%D9%88%D9%84%D9%87%20%D9%81%D8%A7%D8%B1%D8%B3%DB%8C%3A%3A%D8%AF%D8%A7%D9%86%D8%B4%20%D9%88%20%D9%85%D8%AD%DB%8C%D8%B7%20%D8%B2%DB%8C%D8%B3%D8%AA::%DA%86%D8%B1%D8%AE%D8%B4%20%D9%87%D8%B4%D8%AA%20%DA%AF%D9%88%D9%86%D9%87%20%DA%A9%D8%B1%D9%88%D9%86%D8%A7%D9%88%DB%8C%D8%B1%D9%88%D8%B3%20%D8%AF%D8%B1%20%DA%A9%D8%B1%D9%87%20%D8%B2%D9%85%DB%8C%D9%86&di=&an=&ac=&x1=1&x2=22&x3=52977273&x4=30761&x5=%DA%86%D8%B1%D8%AE%D8%B4%20%D9%87%D8%B4%D8%AA%20%DA%AF%D9%88%D9%86%D9%87%20%DA%A9%D8%B1%D9%88%D9%86%D8%A7%D9%88%DB%8C%D8%B1%D9%88%D8%B3%20%D8%AF%D8%B1%20%DA%A9%D8%B1%D9%87%20%D8%B2%D9%85%DB%8C%D9%86&x6=1&x7=%2Ffa-ir%2F%DA%86%D8%B1%D8%AE%D8%B4-%D9%87%D8%B4%D8%AA-%DA%AF%D9%88%D9%86%D9%87-%DA%A9%D8%B1%D9%88%D9%86%D8%A7%D9%88%DB%8C%D8%B1%D9%88%D8%B3-%D8%AF%D8%B1-%DA%A9%D8%B1%D9%87-%D8%B2%D9%85%DB%8C%D9%86%2Fa-52977273&x8=per-rss-per-all_volltext-5613-xml-mrss&x9=20200401&x10=per-rss-per-all_volltext-5613-xml-mrss::%D8%AF%D9%88%DB%8C%DA%86%D9%87%20%D9%88%D9%84%D9%87%20%D9%81%D8%A7%D8%B1%D8%B3%DB%8C%3A%3A%D8%AF%D8%A7%D9%86%D8%B4%20%D9%88%20%D9%85%D8%AD%DB%8C%D8%B7%20%D8%B2%DB%8C%D8%B3%D8%AA"" />",دانش و محیط زیست
#الو_تسنیم|صاحبخانه‌ها مصوبه ستاد ملی مبارزه با کرونا را اجرا می‌کنند؟!,سخنگوی دولت از تمدید 2 ماهه قراردادهای اجاره مسکن بدون افزایش قیمت مطابق مصوبه ستاد ملی مبارزه با کرونا خبر داده‌ است.خبرگزاری تسنیم گزارش‌های تلفنی مستاجران را در این رابطه منتشر می‌کند.,اقتصادی
کرونا؛ روحانی بازگشایی سریعتر اماکن مذهبی را «دغدغه‌ مهم» دولت خود دانست,"رئیس‌جمهوری ایران در تماس تلفنی با تولیت آستان قدس رضوی اعلام کرد که تسریع در بازگشایی اماکن زیارتی با رعایت پروتکل‌های بهداشتی، جزو «دغدغه‌های مهم دولت بوده و هست».


حسن روحانی همچنین از «همکاری و همراهی» مراجع تقلید و روحانیون و تولیت‌های اماکن زیارتی در مشهد، قم و شیراز با ستاد ملی مقابله با بیماری کرونا قدردانی کرد.


رئیس‌جمهوری ایران روز ۳۱ فروردین گفته بود که دولت قصد داشته اماکن مذهبی را از اول خرداد بازگشایی کند اما به درخواست علیرضا اعرافی، مدیر حوزه‌های علمیه، این اماکن از ۱۵ اردیبهشت بازخواهند شد.


این تصمیم در حالی گرفته می‌شود که شهر قم کانون اصلی ورود و شیوع ویروس کرونا در ایران اعلام شده و همواره انتقادهای زیادی به بسته نشدن به موقع حرم معصومه و قرنطینه نشدن قم ابراز شده است.


در اوایل اسفند ۹۸، محمد سعیدی، نماینده ولی فقیه و امام جمعه قم، که مانع اصلی مسدود شدن تردد به حرم معصومه و اجتماع در این محل بود، در اظهاراتی ویدئویی گفت که «این حرم دارالشفاء است و باید باز بماند».

",اجتماعی
پاسخ قابل‌تأمل سخنگوی سازمان غذاودارو درباره خبر تحویل واکسن آنفلوآنزا به مجلس,سخنگوی سازمان غذا و دارو درباره اخبار منتشرشده در فضای مجازی مبنی بر تحویل واکسن آنفلوآنزا به مجلس شورای اسلامی توضیحاتی ارائه کرد.,اجتماعی
دعای روز ششم ماه مبارک رمضان/ مرا به خودم وامگذار,دعای ششمین روز از ماه مبارک رمضان، به‌‌همراه توضیح آن منتشر شده است.,فرهنگی
آیا افراد متضرر از ویروس کرونا مشمول یارانه معیشتی خواهند شد؟,سخنگوی ستاد شناسایی مشمولان بسته حمایت معیشتی درباره پرداخت یارانه معیشتی به افراد متضرر از ویروس کرونا توضیحاتی را مطرح کرد.,اجتماعی
روحانی: نباید امسال برای دولت حاشیه درست کنیم؛ با همه سازش کنیم,رئیس‌جمهور گفت: برخی خدمات دولت را مردم حس می‌کنند و نیاز به بیان آن نیست.,سیاسی
چه ویژگی‌هایی از نظر اجتماعی جایگاه ما را ارتقاء می‌دهند؟,"چه ویژگی‌هایی به پیشرفت و ارتقاء منزلت اجتماعی ما کمک می‌کند؟ قلدربازی و بدجنسی ؟ نتایج یک مطالعه نشان می‌دهد، برعکس، افراد مورداعتماد باهوش و صادق در جامعه پیشرفت می‌کنند. شوخ‌طبعی هم گاهی کمک می‌کند، البته نه همه جا.در دوران مدرسه هم هیچ کس نمی&zwnj;توانست افرادی را که خبرچین بودند، غیبت می&zwnj;کردند و بزن&zwnj;بهادر بودند را تحمل کند. این مسئله محدود به دوران مدرسه نمی&zwnj;شود و برای ادامه راه زندگی هم صدق می&zwnj;کند. آنچه که باعث می&zwnj;شود فرد در زیست اجتماعی خود نردبان ترقی را طی کند، نه خبرچینی و زورگویی و صفاتی از این دست که ویژگی&zwnj;های دیگری است. اما این خصوصیات کدامند؟ تیمی پژوهشی متشکل از متخصصان حوزه روانشناسان تکاملی از دانشگاه تگزاس در آستین، این موضوع را بررسی کرده است.

بخت با اعتماد است و هوش و صداقت

در چارچوب این تحقیق محققان به این پرسش که چه مهارت&zwnj;ها و ویژگی&zwnj;هایی به موقعیت اجتماعی ما کمک می&zwnj;کنند، چنین پاسخ می&zwnj;دهند: به طور خلاصه افرادی که می&zwnj;توان به آنها اعتماد کرد، باهوش و صادق&zwnj;اند، این افراد از نظر اجتماعی مورد توجه قرار می&zwnj;گیرند.

به منظور پی بردن به ویژگی&zwnj;هایی که جایگاه و منزلت اجتماعی انسان را ارتقا می&zwnj;دهند، محققان پرسش&zwnj;هایی را با ۲۷۵۰ شرکت&zwnj;کننده از ۱۴ کشور و از تمامی قاره&zwnj;ها، در میان گذاشتند. این افراد ارزشیابی خود را از ۲۴۰ فاکتور (عاملی) را که به گونه&zwnj;ای مثبت یا منفی می&zwnj;توانند روی اعتبار شخص تأثیر بگذارد، اعلام کردند. 

صداقت و هوش در برابر تنبلی، غیرقابل اعتماد بودن و کثیفی

نتایج نشان داد که تقریبا نیمی از ۲۴۰ فاکتوری که مورد سنجش قرار گرفته بودند تأثیری مثبت بر اعتبار و خوشنامی شخص می&zwnj;گذارند و نیم دیگر تأثیری منفی. اما چه چیز باعث افزایش یا کاهش اعتبار فرد در نگاه دیگران می&zwnj;شود؟

محققان دریافتند که ویژگی&zwnj;هایی چون صداقت، سختکوشی، مهربان بودن، باهوش بودن و داشتن طیف وسیعی از دانش، فداکاری و شوخ طبعی ارزش اجتماعی و جایگاه اجتماعی فرد را ارتقاء می&zwnj;دهد.

یکی از محققان می&zwnj;گوید، &laquo;داشتن خصوصیاتی مانند هوش، شجاعت و مهارت رهبری، فرد را از نظر منزلت اجتماعی در نگاه دیگران ارتقاء می&zwnj;دهد، حالا خواه در میان مردم جزایر پاسیفیک باشد خواه میان  کولی&zwnj;ها. اما داشتن خصوصیاتی در فرد که به دیگران هزینه&zwnj;هایی تحمیل می&zwnj;کند باعث تنزل رتبه اجتماعی او می&zwnj;شود، حالا خواه در روسیه باشد خواه در اریتره.&raquo;

در مقابل شهره بودن به خصوصیاتی چون، دست کج داشتن، کثیف و آلوده بودن، بدجنس و بدخواه بودن منزلت اجتماعی شخص را در نگاه دیگران کاهش می&zwnj;دهد.

اما مواردی هم وجود دارد که در آنها پاسخ زنان با مردان شرکت&zwnj;کننده، تفاوت چشمگیری دارد. در بخش تفاوت میان ویژگی&zwnj;های مورد قبول زنان و مردان برای مثال، ارزش توانایی و آمادگی فرد به محافظت از دیگران با نشان دادن شجاعت و خطر&zwnj;پذیری&zwnj; به نفع هم&zwnj;پیمانان، در ارتقاء مرتبه اجتماعی، در مردان بیشتر از زنان بود.

اهل ورزش بودن، شجاعت، بخشندگی و دارا بودن مهارت&zwnj;های رهبری، منزلت اجتماعی مردان را افزایش می&zwnj;دهد.

از سوی دیگر خصوصیاتی که در زنان به عنوان ویژگی مثبت اجتماعی ارزیابی می&zwnj;شوند جذابیت&zwnj;های زنانه و مهارت در خانه&zwnj;داری است.

تأثیر نقش&zwnj;های تعریف&zwnj;شده سنتی برای زن و مرد را در برخی موارد در نتایج این تحقیق می&zwnj;توان دید. بر پایه این نظرسنجی، در صورتی که زنان شریک زندگی جوان&zwnj;تر از خود داشته باشند، به این مسئله منفی&zwnj;تر از حالتی نگاه می&zwnj;شود که مردی شریک زندگی جوان&zwnj;تر از خود داشته باشد. داشتن شریک زندگی جوان&zwnj;تر بر وجهه اجتماعی مردان  تأثیری مثبت دارد.

برخورد دوگانه در مورد رفتاری که در زن و مرد مشابه است

نکته&zwnj;ای که در این تحقیق جلب توجه می&zwnj;کند، این استانداردهای دوگانه جهانی است که به مردان برای رفتاری مشابه پاداش می&zwnj;دهد و در عوض زنان را برای همان رفتار تنبیه می&zwnj;کند.

ولنگاری جنسی موقعیت اجتماعی هر دو جنسیت را تحت تأثیر قرار می&zwnj;دهد و به جایگاه اجتماعی آنها آسیب می&zwnj;زند، اما به زنان بیشتر از مردان. در مقابل داشتن رابطه طولانی مدت و متعهدانه با شریک زندگی، موقعیت هر دو جنس را در از نظر اجتماعی ارتقاء می&zwnj;دهد، اما مرتبه زنان را بیشتر از مردان.

اما ویژگی &quot;وفاداری&quot; در مناسبات زناشویی، به یک اندازه بر اعتبار اجتماعی هر دو جنس تأثیر مثبت می&zwnj;گذارد.

تفاوت&zwnj;های فرهنگی در موضوع شوخ&zwnj;طبعی

بر پایه نتایج این تحقیق می&zwnj;توان به برخی تفاوت&zwnj;های فرهنگی هم پی برد. بارزترین تفاوت را می&zwnj;توان برای نمونه در پاسخ به پرسش&zwnj;هایی درباره شوخ&zwnj;طبعی دید. درحالی که در لهستان شوخ&zwnj;طبعی یک امتیاز مثبت به شمار می&zwnj;رود و منزلت اجتماعی شخص را ارتقا&zwnj;ء می&zwnj;دهد، در کشورهای آسیایی چون چین و کره جنوبی یا ژاپن، مزاح در مقوله منزلت اجتماعی نقشی کم&zwnj;رنگ و فرعی دارد.

دویچه وله را در اینستاگرام دنبال کنید

دویچه وله را در تلگرام دنبال کنید
<img width=""1"" height=""1"" alt="""" src=""http://logc279.xiti.com/hit.xiti?s=531599&s2=22&p=per-rss-per-all_volltext-5613-xml-mrss::%D8%AF%D9%88%DB%8C%DA%86%D9%87%20%D9%88%D9%84%D9%87%20%D9%81%D8%A7%D8%B1%D8%B3%DB%8C%3A%3A%D8%AF%D8%A7%D9%86%D8%B4%20%D9%88%20%D9%85%D8%AD%DB%8C%D8%B7%20%D8%B2%DB%8C%D8%B3%D8%AA::%DA%86%D9%87%20%D9%88%DB%8C%DA%98%DA%AF%DB%8C%E2%80%8C%D9%87%D8%A7%DB%8C%DB%8C%20%D8%A7%D8%B2%20%D9%86%D8%B8%D8%B1%20%D8%A7%D8%AC%D8%AA%D9%85%D8%A7%D8%B9%DB%8C%20%D8%AC%D8%A7%DB%8C%DA%AF%D8%A7%D9%87%20%D9%85%D8%A7%20%D8%B1%D8%A7%20%D8%A7%D8%B1%D8%AA%D9%82%D8%A7%D8%A1%20%D9%85%DB%8C%E2%80%8C%D8%AF%D9%87%D9%86%D8%AF%D8%9F&di=&an=&ac=&x1=1&x2=22&x3=54080840&x4=30761&x5=%DA%86%D9%87%20%D9%88%DB%8C%DA%98%DA%AF%DB%8C%E2%80%8C%D9%87%D8%A7%DB%8C%DB%8C%20%D8%A7%D8%B2%20%D9%86%D8%B8%D8%B1%20%D8%A7%D8%AC%D8%AA%D9%85%D8%A7%D8%B9%DB%8C%20%D8%AC%D8%A7%DB%8C%DA%AF%D8%A7%D9%87%20%D9%85%D8%A7%20%D8%B1%D8%A7%20%D8%A7%D8%B1%D8%AA%D9%82%D8%A7%D8%A1%20%D9%85%DB%8C%E2%80%8C%D8%AF%D9%87%D9%86%D8%AF%D8%9F&x6=1&x7=%2Ffa-ir%2F%DA%86%D9%87-%D9%88%DB%8C%DA%98%DA%AF%DB%8C%E2%80%8C%D9%87%D8%A7%DB%8C%DB%8C-%D8%A7%D8%B2-%D9%86%D8%B8%D8%B1-%D8%A7%D8%AC%D8%AA%D9%85%D8%A7%D8%B9%DB%8C-%D8%AC%D8%A7%DB%8C%DA%AF%D8%A7%D9%87-%D9%85%D8%A7-%D8%B1%D8%A7-%D8%A7%D8%B1%D8%AA%D9%82%D8%A7%D8%A1-%D9%85%DB%8C%E2%80%8C%D8%AF%D9%87%D9%86%D8%AF%D8%9F%2Fa-54080840&x8=per-rss-per-all_volltext-5613-xml-mrss&x9=20200707&x10=per-rss-per-all_volltext-5613-xml-mrss::%D8%AF%D9%88%DB%8C%DA%86%D9%87%20%D9%88%D9%84%D9%87%20%D9%81%D8%A7%D8%B1%D8%B3%DB%8C%3A%3A%D8%AF%D8%A7%D9%86%D8%B4%20%D9%88%20%D9%85%D8%AD%DB%8C%D8%B7%20%D8%B2%DB%8C%D8%B3%D8%AA"" />",دانش و محیط زیست
آیا گروه‌های خونی خاص با خطر کووید ۱۹ ارتباط دارند؟,"در میان تازه‌های پزشکی این هفته نگاهی داریم به این اخبار: آیا گروه‌های خونی خاص با خطر کووید ۱۹ ارتباط دارند؟ دریافت واقعیت‌های مربوط به کووید ۱۹ از طریق واتس‌اپ. افراط در نوشیدن الکل، سیستم ایمنی بدن را ضعیف می‌کند...یک مطالعه مقدماتی جدید، ارتباط بین گروه&zwnj;های خونی خاص و افزایش یا کاهش احتمال بستری شدن با کووید ۱۹ را نشان داده است.

به گزارش مدیکال&zwnj;نیوز&zwnj;تودی و به گفته نویسندگان این مطالعه، افراد دارای گروه خونی A ممکن است بیشتر از افراد با گروه&zwnj;های خونی دیگر در معرض خطر باشند.

محققان چینی با بررسی بیش از دو هزار و ۱۷۳ فرد بستری مبتلا به کووید ۱۹ اعلام کردند که نسبت افراد دارای گروه خونی A در بین گروه&zwnj;های بستری شده با کووید ۱۹ به طور قابل توجهی بالاتر از جمعیت عمومی است.

آنها همچنین دریافتند که نسبت افراد دارای گروه خونی O در بین بستری شده&zwnj;ها به طور قابل توجهی پایین&zwnj;تر از جمعیت عمومی است.

البته این تیم تحقیقاتی فقط به داده&zwnj;هایی از افرادی که علائم آنها شدید بوده و نیاز به بستری داشته&zwnj;اند، بسنده کرده نه کسانی که دارای علائم خفیفی بودند و در خانه نیاز به مراقبت داشتند. همچنین به گفته محققان افراد دارای گروه خونی A نباید نگران باشند زیرا نتایج این مطالعه اولیه است. اما اگر تحقیقات بیشتر یافته&zwnj;های این مطالعه را تأیید کند، می&zwnj;تواند به متخصصان پزشکی در شناسایی افرادی که بیشتر در معرض خطر هستند و نیاز به بستری در اثر عفونت با ویروس جدید را دارند، کمک کند.



دریافت واقعیت&zwnj;های مربوط به کووید ۱۹ از طریق واتس&zwnj;اپ

سازمان جهانی بهداشت قصد دارد از طریق رسانه&zwnj;های اجتماعی از جمله واتس اپ، از مردم جهان در برابر عفونت کووید۱۹ محافظت کند.

این سازمان در بیانیه رسمی در وب سایت&zwnj;های خود اعلام کرده است: از آنجا که قریب به دو میلیارد نفر در سراسر جهان به پیام&zwnj;رسان واتس اپ دسترسی دارند، سازمان جهانی بهداشت  از طریق ساخت چت&zwnj;بات در واتس&zwnj;اپ قادر است به طور ۲۴ ساعته اطلاعات و آخرین اخبار مرتبط با ویروس کرونا و همچنین روش&zwnj;های پیشگیری از ابتلا به این عفونت را به طور مستقیم در اختیار مردم، کادر درمان و رهبران دولت&zwnj;ها قرار دهد.

کاربران پیام&zwnj;رسان واتس&zwnj;اپ می&zwnj;توانند از طریق تایپ کلمه Hi به شماره ۰۰۴۱۲۲۵۰۱۷۶۵۵ به این چت بات متصل شوند.

خدمات سازمان جهانی بهداشت از طریق این چت بات فعلا به زبان انگلیسی بوده و در آینده نزدیک زبان&zwnj;های چینی، فرانسوی، اسپانیایی و عربی به آن اضافه می&zwnj;شود.



افراط در نوشیدن الکل، سیستم ایمنی بدن را ضعیف می&zwnj;کند

متخصصان کلینیک مایو هشدار داده&zwnj;اند که نوشیدن زیاد الکل سیستم ایمنی بدن را تضعیف کرده و شما را مستعد ابتلا به بیماری می&zwnj;کند.

به گزارش اینسایدر؛ نوشیدن الکل در حد اعتدال به طور کلی بی&zwnj;خطر بوده و احتمالا باعث ضعف قابل توجه سیستم ایمنی بدن نمی&zwnj;شود. اما اگر می&zwnj;خواهید از بیماری پیشگیری کنید، از نوشیدن زیاد الکل خودداری کرده و در صورت بیمار شدن، هرگز سراغ آن نروید.

وظیفه سیستم ایمنی، دفاع از بدن در برابر باکتری&zwnj;ها و ویروس&zwnj;های مضر است. اما درست مانند یک ماهیچه، این سیستم می&zwnj;تواند ضعیف شود. عادات ناسالم مانند استرس، استعمال سیگار یا نوشیدن الکل می&zwnj;تواند کار سیستم ایمنی برای مبارزه با عفونت&zwnj;ها را سخت&zwnj;تر کند.

مرکز کنترل و پیشگیری از بیماری&zwnj;های ایالات متحده (CDC) نوشیدن بیش از حد را اینطور تعریف می کند: نوشیدن برای هشت بار یا بیشتر در هفته برای زنان و ۱۵ بار یا بیشتر در همان دوره زمانی برای مردان.

الکل ترکیب میکروبیوم روده شما را تغییر می&zwnj;دهد و بر توانایی میکروارگانیسم&zwnj;ها در پشتیبانی از سیستم ایمنی بدن شما تأثیر می&zwnj;گذارد. علاوه بر این، افراط در مصرف الکل، با ذات&zwnj;الریه و سایر بیماری&zwnj;های ریوی مرتبط بوده و همچنین می&zwnj;تواند منجر به طیف گسترده&zwnj;ای از مشکلات سلامتی، از جمله فشار خون بالا و بیماری&zwnj;های قلبی، بیماری کبد و افزایش خطر ابتلا به سرطان شود.

مراقب باشید و این نکته را فراموش نکنید که مصرف متوسط یعنی یک نوشیدنی در روز برای زنان و دو نوشیدنی در روز برای مردان.

برخی از افراد نیز به هیچ&zwnj;وجه نباید الکل بنوشند. افرادی مانند زنان باردار، افرادی که اختلال سوء مصرف الکل دارند یا داروهایی مصرف می&zwnj;کنند که با الکل تداخل دارند، مبتلایان به بیماری کبد یا هپاتیت.



چطور میکروبیوم روده را برای مبارزه با کرونا سالم نگه داریم؟

تحقیقات اخیر نشان داده است که میکروبیوم روده نقش مهمی در بهبود عملکرد سیستم ایمنی بدن در برابر عفونت&zwnj;ها و حفظ سلامت کلی دارد.

 به گزارش کانورسیشن؛ غذایی که شما می&zwnj;خورید، تاثیر بسیار زیادی بر تنوع میکروبیوم روده و افزایش باکتری&zwnj;های خوب روده دارد. با افزایش سن، تنوع میکروبیوم کاهش می&zwnj;یابد، بنابراین حفظ یک میکروبیوم سالم در طول زندگی ضروری است.

بهترین راه برای افزایش تنوع میکروبی در روده، خوردن طیف گسترده&zwnj;ای از غذاهای گیاهی که دارای فیبر زیادی هستند و محدود کردن غذاهای فراوری شده و جانک&zwnj;فودها است. ثابت شده که پیروی از رژیم غذایی مدیترانه&zwnj;ای باعث بهبود تنوع میکروبیوم روده و کاهش التهاب در بدن می&zwnj;شود. پایه این رژیم بر خوردن مقدار زیادی میوه، سبزیجات، آجیل، دانه و غلات کامل استوار است.

چربی&zwnj;های سالم مانند روغن زیتون با کیفیت بالا و گوشت بدون چربی یا ماهی در این رژیم گنجانده شده&zwnj;اند. شما باید همچنین از مصرف بیش از حد الکل، نمک، شیرینی و نوشیدنی&zwnj;های قندی و شیرین&zwnj;کننده&zwnj;های مصنوعی یا سایر مواد افزودنی خودداری کنید.

همچنین می&zwnj;توانید با خوردن مرتب لبنیات غنی شده با پروبیوتیک&zwnj;ها، از میکروبیوم روده پشتیبانی کنید. منبع دیگر پروبیوتیکها، نوشیدنی&zwnj;های سرشار از مخمر مانند کفیر یا کومبوچا هستند. فراموش نکنید که اگر برای خود، خانواده و یا اقوام سالخورده یا دوستان خرید می&zwnj;کنید، انتخاب غذاهایی که از میکروبیوم سالم روده پشتیبانی می&zwnj;کنند بسیار مهمتر از جمع کردن کاغذ توالت است. مدیریت سلامت روان، فعال بدنی و خواب کافی نیز به بهبود عملکرد سیستم ایمنی بدن کمک می&zwnj;کند.



دیابتی&zwnj;ها چکار کنند تا به کووید ۱۹ مبتلا نشوند؟

کارشناسان معتقدند مبتلایان به دیابت در اوج همه&zwnj;گیری ویروس کرونا باید حداقل برای ۹۰ روز انسولین بخرند، ورزش کنند، غذای سالم بخورند و فاصله اجتماعی را رعایت کنند.

به گزارش هلث&zwnj;لاین و براساس بیانیه منتشر شده از سوی انجمن غدد&zwnj; درون&zwnj;ریز بالینی آمریکا (AACE)، افراد بالای ۶۰ سال مبتلا به دیابت، به ویژه در معرض خطر هستند. سطح بالای گلوکز با افزایش عوارضی از جمله نارسایی تنفسی و مرگ و میر در بیماران بستری با کووید ۱۹ همراه است.

فراتر از انسولین، مبتلایان به دیابت باید توجه ویژه&zwnj;ای به شستشوی کامل دستها و ضدعفونی کردن سطوح داشته باشند.

پزشکان همچنین در مجله Diabetes &amp; Metabolic Syndrome برخی روش&zwnj;ها را برای افراد دیابتی در پیشگیری از عفونت کووید ۱۹ توصیه می&zwnj;كنند:

- قند خون خود را کنترل کنید. این کار می&zwnj;تواند به کاهش خطر ابتلا به عفونت و همچنین شدت بیماری کمک کند.

- غذای سالم بخورید. توجه به تغذیه و مصرف کافی پروتئین و همچنین جلوگیری از کمبود مواد معدنی و ویتامین&zwnj;ها بسیار مهم است.

- حداقل ۱۵۰ دقیقه در هفته فعالیت بدنی داشته باشید. البته نه در باشگاه&zwnj;های ورزشی یا اماکن شلوغ. می&zwnj;توانید با رعایت فاصله اجتماعی، به پارک&zwnj;های خلوت بروید و پیاده&zwnj;روی کنید.

- واکسن آنفلوآنزا را دریافت کنید.

- اگر مبتلا به دیابت هستید و فکر می&zwnj;کنید که احتمالاً به عفونت دچار شده&zwnj;اید، اولین قدم این است که با پزشک خود تماس بگیرید و خود را برای قرنطینه آماده کنید.

- اگر در قرنطینه هستید، انجمن دیابت آمریکا توصیه می&zwnj;کند مایعات زیادی برای جلوگیری از کم&zwnj;آبی بدن مصرف کنید.

- وسایل و تجهیزات درمانی دیابت را تمیز و ضد&zwnj;عفونی کنید.

- هر ۲ تا ۳ ساعت قند خون خود را چک کنید.

- مطمئن شوید که داروهای بدون نسخه برای درمان تب و علائم دیگر دارید. البته فراموش نکنید که برخی از داروهای بدون نسخه که برای درمان سرماخوردگی آنفلوآنزا استفاده می شوند، مانند شربت&zwnj;های ضد سرفه، آسپرین در دوزهای بالا و ایبوپروفن، ممکن است بر قند خون شما تأثیر بگذارد. بنابراین با پزشک&zwnj;تان در مورد مصرف این داروها مشورت کنید.

الینا فرهادی
<img width=""1"" height=""1"" alt="""" src=""http://logc279.xiti.com/hit.xiti?s=531599&s2=22&p=per-rss-per-all_volltext-5613-xml-mrss::%D8%AF%D9%88%DB%8C%DA%86%D9%87%20%D9%88%D9%84%D9%87%20%D9%81%D8%A7%D8%B1%D8%B3%DB%8C%3A%3A%D8%AF%D8%A7%D9%86%D8%B4%20%D9%88%20%D9%85%D8%AD%DB%8C%D8%B7%20%D8%B2%DB%8C%D8%B3%D8%AA::%D8%A2%DB%8C%D8%A7%20%DA%AF%D8%B1%D9%88%D9%87%E2%80%8C%D9%87%D8%A7%DB%8C%20%D8%AE%D9%88%D9%86%DB%8C%20%D8%AE%D8%A7%D8%B5%20%D8%A8%D8%A7%20%D8%AE%D8%B7%D8%B1%20%DA%A9%D9%88%D9%88%DB%8C%D8%AF%20%DB%B1%DB%B9%20%D8%A7%D8%B1%D8%AA%D8%A8%D8%A7%D8%B7%20%D8%AF%D8%A7%D8%B1%D9%86%D8%AF%D8%9F&di=&an=&ac=&x1=1&x2=22&x3=52913563&x4=30761&x5=%D8%A2%DB%8C%D8%A7%20%DA%AF%D8%B1%D9%88%D9%87%E2%80%8C%D9%87%D8%A7%DB%8C%20%D8%AE%D9%88%D9%86%DB%8C%20%D8%AE%D8%A7%D8%B5%20%D8%A8%D8%A7%20%D8%AE%D8%B7%D8%B1%20%DA%A9%D9%88%D9%88%DB%8C%D8%AF%20%DB%B1%DB%B9%20%D8%A7%D8%B1%D8%AA%D8%A8%D8%A7%D8%B7%20%D8%AF%D8%A7%D8%B1%D9%86%D8%AF%D8%9F&x6=1&x7=%2Ffa-ir%2F%D8%A2%DB%8C%D8%A7-%DA%AF%D8%B1%D9%88%D9%87%E2%80%8C%D9%87%D8%A7%DB%8C-%D8%AE%D9%88%D9%86%DB%8C-%D8%AE%D8%A7%D8%B5-%D8%A8%D8%A7-%D8%AE%D8%B7%D8%B1-%DA%A9%D9%88%D9%88%DB%8C%D8%AF-%DB%B1%DB%B9-%D8%A7%D8%B1%D8%AA%D8%A8%D8%A7%D8%B7-%D8%AF%D8%A7%D8%B1%D9%86%D8%AF%D8%9F%2Fa-52913563&x8=per-rss-per-all_volltext-5613-xml-mrss&x9=20200325&x10=per-rss-per-all_volltext-5613-xml-mrss::%D8%AF%D9%88%DB%8C%DA%86%D9%87%20%D9%88%D9%84%D9%87%20%D9%81%D8%A7%D8%B1%D8%B3%DB%8C%3A%3A%D8%AF%D8%A7%D9%86%D8%B4%20%D9%88%20%D9%85%D8%AD%DB%8C%D8%B7%20%D8%B2%DB%8C%D8%B3%D8%AA"" />",دانش و محیط زیست
آیا این چای گیاهی آفریقایی شفابخش کرونا است؟,"در ماداگاسکار از نوعی از گیاه دارویی ""بومادران"" با موفقیت برای درمان مالاریا استفاده می‌شود. آیا این چای گیاهی می‌تواند برای درمان بیماری کووید۱۹ نیز موثر واقع شود؟ تحقیقات در این باره در آلمان و آمریکا آغاز شده است.در ماداگاسکار و سایر کشورهای آفریقایی از سال&zwnj;ها پیش از گیاه دارویی چینی (Artemisia annua) که در ایران نوعی از &quot;بومادران&quot; و یا &quot;برنجاسپ&quot; نامیده می&zwnj;شود، برای درمان مالاریا به کار می&zwnj;رود و نتایج خوبی را در درمان این بیماری داشته است. در آلمان این گیاه &quot;بایفوس&quot; (Beifuß) خوانده می&zwnj;شود.

مردم محلی در ماداگاسکار می&zwnj;گویند که دم کرده این گیاه از قرار به مبتلایان به ویروس کرونا نیز کمک کرده است.

برای رئیس جمهوری ماداگاسکار این موضوع بسیار روشنی است که راه برون رفتن از بحران کرونا، این گیاه دارویی است. او می&zwnj;گوید که &quot;کووید-اورگانیک&quot; هدیه آفریقا به مردم جهان است. انتقادهای سازمان بهداشت جهانی و حتی پزشکان آفریقایی هم باعث ناراحتی و تغییر نظر رئیس جمهوری ماداگاسکار نشده است.

 آندره راژلینگ، گزارشگر تلویزیون فرانسه در گزارشی که در باره این گیاه درمانی در ماداگاسکار تهیه کرده، این پرسش را مطرح می&zwnj;کند که &quot;اگر کشف خاصیت درمانی (کووید ارگانیک) در ماداگاسکار نبود، بلکه در یک کشور اروپایی اتفاق افتاده بود هم کسی به آن شک می&zwnj;کرد؟ من فکر نمی&zwnj;کنم.&quot;

گیاه محبوب برای درمان بسیاری از بیماری&zwnj;ها 

ده درصد از تولید جهانی گیاه دارویی چینی &quot;آرته&zwnj;میسیا آنوا&quot; (Artemisia annua) در ماداگاسکار است. از این نوع از &quot;بومادران&quot; داروی مهم مالاریا &quot;آرتمیسینین&quot; تولید می&zwnj;شود. از دم&zwnj;کرده انواع بومادران در این جزیره نه فقط برای درمان حملات ناشی از تب مالاریا و عفونت&zwnj;های آنفلوانزا استفاده می&zwnj;شود، بلکه این گیاه برای درمان برای بسیاری از بیماری&zwnj;های دیگر رایج در این کشور نیز به کار می&zwnj;رود.

سبا گوکالنی، کارشناس داروهای سنتی دانشگاه کوازولا-ناتال در آفریقای جنوبی در باره کاربرد بومادران برای درمان بیماران کرونایی می&zwnj;گوید: &laquo;علائم کووید۱۹ مانند تب و ناراحتی&zwnj;های تنفسی در آنفلوآنزا نیز وجود دارد، بنابراین معقول است که ببینیم آیا این گیاه برای درمان این بیماری هم کمک می&zwnj;کند.&raquo; البته او در همین جا تاکید می&zwnj;کند که هنوز شواهد کافی در این باره وجود ندارد ولی باید آن را هم تجربه کرد.

گیاه دارویی  &quot;آرته&zwnj;میسیا آنوا&quot; گیاهی است که در چین رشد می&zwnj;کند اما در ماداگاسکار نوع خاصی از بومادران پرورش داده می&zwnj;شود که به &quot;آرته&zwnj;میسیا آفرا&quot; (Artemisia afra) معروف است و به عنوان یک شفابخش سنتی در میان مردم محبوبیت زیادی دارد.

این نوع بومادران در کشورهای مختلف آفریقایی به عنوان یک گیاه دارویی شناخته شده است. ساکنان محلی حتی این گیاه را در خانه هم پرورش می&zwnj;دهند و در زمستان وقتی دچار سرماخوردگی یا آنفولانزا می&zwnj;شوند، دم کرده آن را به عنوان چای می&zwnj;نوشند.

افزایش ده برابری قیمت 

وحشت از گسترش ویروس کرونا و بیماری کووید۱۹ باعث جهش ده برابری قیمت بومادران آفریقایی شده است.

فرانک فن در کوی (Frank van der Kooy) یکی از کارشناسان دارویی دانشگاه نورد-وست آفریقای جنوبی است که پژوهش در باره خواص درمانی ویژه گیاه دارویی بومادران آفریقایی را برای درمان کووید۱۹ آغاز کرده است.



این کارشناس از سال&zwnj;ها پیش تحقیقاتی را در باره تاثیر &quot;آرته&zwnj;میسیا آنوا&quot;  که به عنوان &quot;چای مالاریا&quot; معروف است انجام داده است. او در تحقیقاتش به این نتیجه رسیده که  &quot;آرته&zwnj;میسیا آفرا&quot; حاوی &quot;آرته&zwnj;میسین&quot; (Artemisinin) نیست و تاثیر آن برای بهبود عوارض مالاریا احتمالا مبتنی بر سایر مواد تشکیل دهنده آن است. نتیجه تحقیقی که در سال ۲۰۱۹ در کنگو بر روی هزار شرکت کننده انجام گرفت موید این نظر او بودند.

تحقیقات کارشناس آلمانی 

بیماری مالاریا توسط یک انگل در بدن انسان رشد می&zwnj;کند اما کووید۱۹ یک بیماری ویروسی است. اما برخی از تاثیرات ضد ویروسی آرتمیسینین (Artemisinin) نیز برای کارشناسان شناخته شده هستند.

آرتمیسیا (Artemisia) گیاه دارویی شناخته شده&zwnj;ای است که برخی از محققان دیگر نیز در باره تاثیرات امیدوارکننده آن اظهار نظر کرده&zwnj;اند. در آلمان نیز پیتر زبرگر (Peter Seeberger) کارشناس شیمی انستیتوی ماکس پلانک برای تحقیقات کلوئیدی در پوتسدام، در حال حاضر پژوهش خود را که از سال&zwnj;ها پیش در باره سنتز سریع و مؤثر آرتمیسینین انجام داده بود دو باره پیش روی خود قرار داده است.

او می&zwnj;گوید: &laquo;با گسترش بیماری کووید۱۹ ما طبیعتا به تحقیقات پیشین خود هم مراجعه کردیم و آنچه دیدیم این است که آرسنال فعالیت ضد ویروسی هم دارد و احتمال می&zwnj;رود مکانیسم مهم دومی نیز در ارگانیسم بوجود آورد که کمکی برای سیستم ایمنی بدن است و می&zwnj;تواند برای بیمار مفید باشد.&raquo;

سیستم ایمنی بدن بسیاری از بیماران مبتلا به کووید۱۹ با برخورد به ویروس کرونا واکنش بیش از حد خطرناکی را نشان می&zwnj;دهد. در تحقیقاتی که در باره تاثیرات آرتمیسینین به عنوان داروی ضد مالاریا در بیماران انجام گرفته مشخص شده است که این ماده به خوبی در بدن بیمار تحمل می&zwnj;شود و ماده&zwnj;ای است که در دسترس نیز هست. این موضوعی است که در تحقیقات آزمایشگاهی پیتر زبرگر نیز نشان داده شده است.

 به گفته پیتر زبرگر این کارشناس برای انجام تحقیقات بالینی در انسان همکاری را در ایالات متحده پیدا کرده که او نیز درست در این زمینه تحقیقات علمی خود را انجام داده است. زبرگر گفته است که قرص&zwnj;های لازم برای کمک به بیماران سفارش داده شده و این تحقیقات و کار عملی مشترک آنان با این دارو تا چند هفته دیگر آغاز می&zwnj;شود اما به دلیل در دسترس بودن چای آفریقایی &quot;آرته&zwnj;میسیا&quot; (Artemisia) آزمایشات بالینی با این دم کرده زودتر از زمان تعیین شده شروع شده است.
<img width=""1"" height=""1"" alt="""" src=""http://logc279.xiti.com/hit.xiti?s=531599&s2=22&p=per-rss-per-all_volltext-5613-xml-mrss::%D8%AF%D9%88%DB%8C%DA%86%D9%87%20%D9%88%D9%84%D9%87%20%D9%81%D8%A7%D8%B1%D8%B3%DB%8C%3A%3A%D8%AF%D8%A7%D9%86%D8%B4%20%D9%88%20%D9%85%D8%AD%DB%8C%D8%B7%20%D8%B2%DB%8C%D8%B3%D8%AA::%D8%A2%DB%8C%D8%A7%20%D8%A7%DB%8C%D9%86%20%DA%86%D8%A7%DB%8C%20%DA%AF%DB%8C%D8%A7%D9%87%DB%8C%20%D8%A2%D9%81%D8%B1%DB%8C%D9%82%D8%A7%DB%8C%DB%8C%20%D8%B4%D9%81%D8%A7%D8%A8%D8%AE%D8%B4%20%DA%A9%D8%B1%D9%88%D9%86%D8%A7%20%D8%A7%D8%B3%D8%AA%D8%9F%20&di=&an=&ac=&x1=1&x2=22&x3=53791807&x4=30761&x5=%D8%A2%DB%8C%D8%A7%20%D8%A7%DB%8C%D9%86%20%DA%86%D8%A7%DB%8C%20%DA%AF%DB%8C%D8%A7%D9%87%DB%8C%20%D8%A2%D9%81%D8%B1%DB%8C%D9%82%D8%A7%DB%8C%DB%8C%20%D8%B4%D9%81%D8%A7%D8%A8%D8%AE%D8%B4%20%DA%A9%D8%B1%D9%88%D9%86%D8%A7%20%D8%A7%D8%B3%D8%AA%D8%9F%20&x6=1&x7=%2Ffa-ir%2F%D8%A2%DB%8C%D8%A7-%D8%A7%DB%8C%D9%86-%DA%86%D8%A7%DB%8C-%DA%AF%DB%8C%D8%A7%D9%87%DB%8C-%D8%A2%D9%81%D8%B1%DB%8C%D9%82%D8%A7%DB%8C%DB%8C-%D8%B4%D9%81%D8%A7%D8%A8%D8%AE%D8%B4-%DA%A9%D8%B1%D9%88%D9%86%D8%A7-%D8%A7%D8%B3%D8%AA%D8%9F%2Fa-53791807&x8=per-rss-per-all_volltext-5613-xml-mrss&x9=20200612&x10=per-rss-per-all_volltext-5613-xml-mrss::%D8%AF%D9%88%DB%8C%DA%86%D9%87%20%D9%88%D9%84%D9%87%20%D9%81%D8%A7%D8%B1%D8%B3%DB%8C%3A%3A%D8%AF%D8%A7%D9%86%D8%B4%20%D9%88%20%D9%85%D8%AD%DB%8C%D8%B7%20%D8%B2%DB%8C%D8%B3%D8%AA"" />",دانش و محیط زیست
دادگاه انقلاب کیوان صمیمی را به سه سال حبس محکوم کرد,کیوان صمیمی، سردبیر نشریه ایران فردا، روز دوشنبه ۶ مرداد، از تأیید حکم سه سال زندان خود در دادگاه تجدیدنظر به اتهام «اجتماع و تبانی به قصد اقدام علیه امنیت کشور» خبر داد.,سیاسی
حجت‌الاسلام عالی: امام زمان(عج) عامل اصلی دفع بلا از شیعیان است,امام زمان(عج) در حدیثی فرمود: اگر دعای من بر مؤمنان نبود، بلاها آنان را فرا می‌گرفت، به واسطۀ من و دعای من است که بسیاری از بلاها دفع می‌شود.,فرهنگی
یادداشت آیت‌الله خامنه‌ای درباره &quot;مناجات شعبانیه&quot;/ بهترین دعا از نظر رهبر انقلاب,مناجات شعبانیه نمونه‌&nbsp;کاملی از تضرع و وصف حال برگزیده‌ترین بندگان صالح خدا با معبود و محبوب خود و ذات مقدس ربوبی است.,فرهنگی
جزییات طرح سهمیه بندی بنزین سرانه خانوار/الزام دولت به خرید باقیمانده سهمیه سوخت مردم,عضو هیئت رئیسه مجلس با تشریح جزییات طرح سهمیه بندی بنزین سرانه خانوار،از الزام دولت به خرید باقیمانده سهمیه سوخت مردم با 90 درصد قیمت فوب خلیج فارس خبر داد.,اقتصادی
بیل گیتس از دولت‌ها خواست برای تولید داروی کرونا سرمایه‌گذاری کنند,"بیل گیتس می‌گوید که تولید و عرضه واکسن کرونا به سرمایه‌گذاری هنگفت نیازمند است و کشورهای ثروتمند وظیفه دارند هرچه زودتر هزینه این امر را قبول کنند. او امیدوار است تا ۱۸ ماه دیگر واکسنی کارآمد در اختیار همگان قرار گیرد.بیل گیتس، میلیاردر و بنیانگذار شرکت مایکروسافت&zwnj;، از کشورهای بزرگ صنعتی خواست که برای تولید و پخش واکسن ویروس کرونا سرمایه&zwnj;گذاری کنند.

دویچه وله فارسی را در اینستاگرام دنبال کنید

بیل گیتس در مقاله&zwnj;ای برای روزنامه آلمانی &quot;ولت ام زونتاگ&quot; گفته است که کشورهای ثروتمند باید مبالغ کلانی برای تحقیق پیرامون اپیدمی کرونا و تهیه واکسن جلوگیری از آن سرمایه&zwnj;گذاری کنند.

به گفته او &quot;گروه جهانی ائتلاف واکسن&quot; که به اسم اختصاری Gavi شهرت دارد برای مقابله یا بیماری&zwnj;های واگیردار تا کنون حدود هفت و نیم میلیارد دلار هزینه کرده تا که سطح کنونی سلامتی و ایمنی بهداشتی را تامین کند.

به گفته بیل گیتس برای تهیه ویروس کرونا حتی به بودجه&zwnj;ای بالاتر نیاز است.  

او که مقاله خود را بیشتر خطاب به کشورهای &quot;گروه ۲۰&quot; به نگارش در آورده، از زمامداران این کشورها خواسته است که &quot;برای تأمین هزینه مالی این امر بیش از این تأخیر و اهمال&quot; نکنند.

او در عین حال تأکید دارد که همه کشورها، پیشرفته و درحال توسعه، باید در این زمینه با هم همکاری کنند.

دانشمندان و کارشناسان تاکنون پژوهش&zwnj;ها و مطالعات گسترده&zwnj;ای برای تولید واکسن کرونا و داروی درمان آن آغاز کرده&zwnj;اند. گفته می&zwnj;شود که آنها به طور همزمان روی هشت نوع فرآورده کار می&zwnj;کنند. 

بیل گیتس اظهار امیدواری می&zwnj;کند که تا ۱۸ ماه دیگر دست&zwnj;کم یکی از فرآورده&zwnj;های دارویی قابل بهره&zwnj;برداری باشد.

او متذکر می&zwnj;شود که این مدت برای تولید واکسنی برای جلوگیری از یک اپیدمی بسیار اندک است و برای این که کار با شتابی مناسب پیشرفت کند، به سرمایه&zwnj;ای کلان نیازمند است.

بیل گیتس تأکید می&zwnj;کند که تولید واکسن کووید۱۹ را باید &quot;امر خیر عمومی&quot; تلقی کرد تا همه جهانیان بتوانند به یکسان به آن دسترسی داشته باشند.
<img width=""1"" height=""1"" alt="""" src=""http://logc279.xiti.com/hit.xiti?s=531599&s2=22&p=per-rss-per-all_volltext-5613-xml-mrss::%D8%AF%D9%88%DB%8C%DA%86%D9%87%20%D9%88%D9%84%D9%87%20%D9%81%D8%A7%D8%B1%D8%B3%DB%8C%3A%3A%D8%AF%D8%A7%D9%86%D8%B4%20%D9%88%20%D9%85%D8%AD%DB%8C%D8%B7%20%D8%B2%DB%8C%D8%B3%D8%AA%3A%3A%D8%AF%D8%A7%D9%86%D8%B4%20%D9%88%20%D9%81%D9%86%D8%A7%D9%88%D8%B1%DB%8C::%D8%A8%DB%8C%D9%84%20%DA%AF%DB%8C%D8%AA%D8%B3%20%D8%A7%D8%B2%20%D8%AF%D9%88%D9%84%D8%AA%E2%80%8C%D9%87%D8%A7%20%D8%AE%D9%88%D8%A7%D8%B3%D8%AA%20%D8%A8%D8%B1%D8%A7%DB%8C%20%D8%AA%D9%88%D9%84%DB%8C%D8%AF%20%D8%AF%D8%A7%D8%B1%D9%88%DB%8C%20%DA%A9%D8%B1%D9%88%D9%86%D8%A7%20%D8%B3%D8%B1%D9%85%D8%A7%DB%8C%D9%87%E2%80%8C%DA%AF%D8%B0%D8%A7%D8%B1%DB%8C%20%DA%A9%D9%86%D9%86%D8%AF&di=&an=&ac=&x1=1&x2=22&x3=53100434&x4=10006&x5=%D8%A8%DB%8C%D9%84%20%DA%AF%DB%8C%D8%AA%D8%B3%20%D8%A7%D8%B2%20%D8%AF%D9%88%D9%84%D8%AA%E2%80%8C%D9%87%D8%A7%20%D8%AE%D9%88%D8%A7%D8%B3%D8%AA%20%D8%A8%D8%B1%D8%A7%DB%8C%20%D8%AA%D9%88%D9%84%DB%8C%D8%AF%20%D8%AF%D8%A7%D8%B1%D9%88%DB%8C%20%DA%A9%D8%B1%D9%88%D9%86%D8%A7%20%D8%B3%D8%B1%D9%85%D8%A7%DB%8C%D9%87%E2%80%8C%DA%AF%D8%B0%D8%A7%D8%B1%DB%8C%20%DA%A9%D9%86%D9%86%D8%AF&x6=0&x7=%2Ffa-ir%2F%D8%A8%DB%8C%D9%84-%DA%AF%DB%8C%D8%AA%D8%B3-%D8%A7%D8%B2-%D8%AF%D9%88%D9%84%D8%AA%E2%80%8C%D9%87%D8%A7-%D8%AE%D9%88%D8%A7%D8%B3%D8%AA-%D8%A8%D8%B1%D8%A7%DB%8C-%D8%AA%D9%88%D9%84%DB%8C%D8%AF-%D8%AF%D8%A7%D8%B1%D9%88%DB%8C-%DA%A9%D8%B1%D9%88%D9%86%D8%A7-%D8%B3%D8%B1%D9%85%D8%A7%DB%8C%D9%87%E2%80%8C%DA%AF%D8%B0%D8%A7%D8%B1%DB%8C-%DA%A9%D9%86%D9%86%D8%AF%2Fa-53100434&x8=per-rss-per-all_volltext-5613-xml-mrss&x9=20200412&x10=per-rss-per-all_volltext-5613-xml-mrss::%D8%AF%D9%88%DB%8C%DA%86%D9%87%20%D9%88%D9%84%D9%87%20%D9%81%D8%A7%D8%B1%D8%B3%DB%8C%3A%3A%D8%AF%D8%A7%D9%86%D8%B4%20%D9%88%20%D9%85%D8%AD%DB%8C%D8%B7%20%D8%B2%DB%8C%D8%B3%D8%AA%3A%3A%D8%AF%D8%A7%D9%86%D8%B4%20%D9%88%20%D9%81%D9%86%D8%A7%D9%88%D8%B1%DB%8C"" />",دانش و محیط زیست
